{
  "name":"Charybdis nano 5x3+3",
  "lighting": "none",
  "matrix": {
    "rows": 8,
    "cols": 5
  },
  "layouts": {
    "keymap": [
      [
        {
          "x": 3
        },
        "0,3",
        {
          "x": 7
        },
        "4,3"
      ],
      [
        {
          "y": -0.9,
          "x": 2
        },
        "0,2"
      ],
      [
        {
          "y": -1,
          "x": 4
        },
        "0,4",
        {
          "x": 5
        },
        "4,4",
        {
          "x": 1
        },
        "4,2"
      ],
      [
        {
          "y": -0.7999999999999999
        },
        "0,0",
        {
          "x": 13
        },
        "4,0"
      ],
      [
        {
          "y": -1,
          "x": 1
        },
        "0,1",
        {
          "x": 11
        },
        "4,1"
      ],
      [
        {
          "y": -0.30000000000000004,
          "x": 3
        },
        "1,3",
        {
          "x": 7
        },
        "5,3"
      ],
      [
        {
          "y": -0.8999999999999999,
          "x": 2
        },
        "1,2",
        {
          "x": 1
        },
        "1,4",
        {
          "x": 5
        },
        "5,4",
        {
          "x": 1
        },
        "5,2"
      ],
      [
        {
          "y": -0.7999999999999998
        },
        "1,0",
        "1,1",
        {
          "x": 11
        },
        "5,1",
        "5,0"
      ],
      [
        {
          "y": -0.2999999999999998,
          "x": 3
        },
        "2,3",
        {
          "x": 7
        },
        "6,3"
      ],
      [
        {
          "y": -0.8999999999999999,
          "x": 2
        },
        "2,2",
        {
          "x": 1
        },
        "2,4",
        {
          "x": 5
        },
        "6,4",
        {
          "x": 1
        },
        "6,2"
      ],
      [
        {
          "y": -0.7999999999999998
        },
        "2,0",
        "2,1",
        {
          "x": 11
        },
        "6,1",
        "6,0"
      ],
      [
        {
          "y": -0.20000000000000018,
          "x": 3.5
        },
        "3,2",
        {
          "x": 6
        },
        "7,2"
      ],
      [
        {
          "r": 15,
          "rx": 4.5,
          "ry": 4.1,
          "y": -1
        },
        "3,3"
      ],
      [
        {
          "r": 30,
          "rx": 5.4,
          "ry": 4.3,
          "y": -1.5,
          "x": 0.09999999999999964
        },
        "3,4"
      ],
      [
        {
          "r": -30,
          "rx": 9.6,
          "y": -1.5,
          "x": -1.0999999999999996
        },
        "7,4"
      ],
      [
        {
          "r": -15,
          "rx": 10.5,
          "ry": 4.1,
          "y": -1,
          "x": -1
        },
        "7,3"
      ]
    ]
  }
}
